<ImportExportXml version="9.1.0.9825" SolutionPackageVersion="9.1" languagecode="1033" generatedBy="CrmLive" xmlns:xsi="http://www.w3.org/2001/XMLSchema-instance">
  <SolutionManifest>
    <UniqueName>InspectionApp</UniqueName>
    <LocalizedNames>
      <LocalizedName description="InspectionApp" languagecode="1033" />
    </LocalizedNames>
    <Descriptions />
    <Version>0.0.0.4</Version>
    <Managed>0</Managed>
    <Publisher>
      <UniqueName>itaintboring</UniqueName>
      <LocalizedNames>
        <LocalizedName description="ItAintBoring" languagecode="1033" />
      </LocalizedNames>
      <Descriptions>
        <Description description="ItAintBoring" languagecode="1033" />
      </Descriptions>
      <EMailAddress xsi:nil="true"></EMailAddress>
      <SupportingWebsiteUrl>http://www.itaintboring.com</SupportingWebsiteUrl>
      <CustomizationPrefix>ita</CustomizationPrefix>
      <CustomizationOptionValuePrefix>55678</CustomizationOptionValuePrefix>
      <Addresses>
        <Address>
          <AddressNumber>1</AddressNumber>
          <AddressTypeCode>1</AddressTypeCode>
          <City xsi:nil="true"></City>
          <County xsi:nil="true"></County>
          <Country xsi:nil="true"></Country>
          <Fax xsi:nil="true"></Fax>
          <FreightTermsCode xsi:nil="true"></FreightTermsCode>
          <ImportSequenceNumber xsi:nil="true"></ImportSequenceNumber>
          <Latitude xsi:nil="true"></Latitude>
          <Line1 xsi:nil="true"></Line1>
          <Line2 xsi:nil="true"></Line2>
          <Line3 xsi:nil="true"></Line3>
          <Longitude xsi:nil="true"></Longitude>
          <Name xsi:nil="true"></Name>
          <PostalCode xsi:nil="true"></PostalCode>
          <PostOfficeBox xsi:nil="true"></PostOfficeBox>
          <PrimaryContactName xsi:nil="true"></PrimaryContactName>
          <ShippingMethodCode>1</ShippingMethodCode>
          <StateOrProvince xsi:nil="true"></StateOrProvince>
          <Telephone1 xsi:nil="true"></Telephone1>
          <Telephone2 xsi:nil="true"></Telephone2>
          <Telephone3 xsi:nil="true"></Telephone3>
          <TimeZoneRuleVersionNumber xsi:nil="true"></TimeZoneRuleVersionNumber>
          <UPSZone xsi:nil="true"></UPSZone>
          <UTCOffset xsi:nil="true"></UTCOffset>
          <UTCConversionTimeZoneCode xsi:nil="true"></UTCConversionTimeZoneCode>
        </Address>
        <Address>
          <AddressNumber>2</AddressNumber>
          <AddressTypeCode>1</AddressTypeCode>
          <City xsi:nil="true"></City>
          <County xsi:nil="true"></County>
          <Country xsi:nil="true"></Country>
          <Fax xsi:nil="true"></Fax>
          <FreightTermsCode xsi:nil="true"></FreightTermsCode>
          <ImportSequenceNumber xsi:nil="true"></ImportSequenceNumber>
          <Latitude xsi:nil="true"></Latitude>
          <Line1 xsi:nil="true"></Line1>
          <Line2 xsi:nil="true"></Line2>
          <Line3 xsi:nil="true"></Line3>
          <Longitude xsi:nil="true"></Longitude>
          <Name xsi:nil="true"></Name>
          <PostalCode xsi:nil="true"></PostalCode>
          <PostOfficeBox xsi:nil="true"></PostOfficeBox>
          <PrimaryContactName xsi:nil="true"></PrimaryContactName>
          <ShippingMethodCode>1</ShippingMethodCode>
          <StateOrProvince xsi:nil="true"></StateOrProvince>
          <Telephone1 xsi:nil="true"></Telephone1>
          <Telephone2 xsi:nil="true"></Telephone2>
          <Telephone3 xsi:nil="true"></Telephone3>
          <TimeZoneRuleVersionNumber xsi:nil="true"></TimeZoneRuleVersionNumber>
          <UPSZone xsi:nil="true"></UPSZone>
          <UTCOffset xsi:nil="true"></UTCOffset>
          <UTCConversionTimeZoneCode xsi:nil="true"></UTCConversionTimeZoneCode>
        </Address>
      </Addresses>
    </Publisher>
    <RootComponents>
      <RootComponent type="1" schemaName="ita_inspection" behavior="0" />
      <RootComponent type="1" schemaName="ita_inspectionitem" behavior="0" />
      <RootComponent type="9" schemaName="ita_passfail" behavior="0" />
      <RootComponent type="60" id="{058ab00f-734d-4b89-a052-7b8f90521301}" behavior="0" />
      <RootComponent type="60" id="{4eac86ac-c834-496d-ad49-7b219b777977}" behavior="0" />
      <RootComponent type="62" schemaName="ita_Inspections" behavior="0" />
      <RootComponent type="80" schemaName="ita_Inspections" behavior="0" />
      <RootComponent type="91" id="{c734ae9d-08ba-4a69-ac98-312f655cc95d}" schemaName="ItAintBoring.InspectionDemo, Version=1.0.0.0, Culture=neutral, PublicKeyToken=7451cb019c07041f" behavior="0" />
      <RootComponent type="92" id="{c70325ec-55f8-e911-a813-000d3af46757}" behavior="0" />
      <RootComponent type="92" id="{e0fd3fd9-4cf8-e911-a813-000d3af46757}" behavior="0" />
      <RootComponent type="92" id="{fafc92e5-4cf8-e911-a813-000d3af46757}" behavior="0" />
      <RootComponent type="92" id="{fc8c33f8-55f8-e911-a813-000d3af46757}" behavior="0" />
      <RootComponent type="300" schemaName="ita_productinspection_65b07" behavior="0" />
    </RootComponents>
    <MissingDependencies>
      <MissingDependency>
        <Required key="0" type="61" schemaName="msdyn_/Images/AppModule_Default_Icon.png" displayName="msdyn_/Images/AppModule_Default_Icon.png" solution="AppModuleWebResources (2.5)" />
        <Dependent key="1" type="80" schemaName="ita_Inspections" displayName="Inspections" />
      </MissingDependency>
    </MissingDependencies>
  </SolutionManifest>
</ImportExportXml>